RSME,RSME Tuned
0.11761281357252147,0.11328642855824535
0.12639831795439205,0.1154640546123677
0.110593401681467,0.10902990546629765
0.11846403288571183,0.11471724153121422
